Abigail Bryn (abibry43)
2021-01-10

—

G

Ackley Ness (acknes68)
2021-01-14

G

G

Ada Konrad (adakon41)
2021-01-22

G

G

Alberta Dartmouth (albdar32)
2021-01-21

—

G

Alexandre Gladstone (alegla86)
2021-01-22

G

G

Algiers Mindanao (algmin31)
2021-01-21

G

G

Alphonse Togo (alptog05)
2021-01-21

G

G

Andersen Scotland (andsco14)
2021-01-22

G

G

Angus Cobb (angcob57)
2021-01-20

G

G

Arianism Amerada (ariame83)
2021-01-12

G

G

Athens Thomas (aththo90)
2021-01-21

G

G

Aztec Rotarian (aztrot03)
2021-01-20

G

G

Babylon Francine (babfra85)
2021-01-18

G

G

Babylon Melpomene (babmel45)
2021-01-15

G

G

Balfour Maynard (balmay72)
2021-01-19

G

G

Bateman Flagstaff (batfla58)
2021-01-22

G

—

Bausch Sumter (bausum23)
2021-01-19

G

G

Bayonne Cepheus (baycep13)
2021-01-12

G

G

Bentley Kafkaesque (benkaf43)
2021-01-13

G

G

Bentley Teddy (bented48)
2021-01-17

G

G

Berlitz Mullen (bermul38)
2021-01-22

G

G

Bismark Ervin (biserv95)
2021-01-11

G

G

Bizet Pentateuch (bizpen52)
2021-01-12

G

—

Bogota Methuen (bogmet66)
2021-01-22

G

G

Bolivia Klux (bolklu58)
2021-01-14

G

G

Boyd Eliot (boyeli87)
2021-01-11

G

G

Bridgetown Monrovia (brimon85)
2021-01-10

G

G

Burke Wendell (burwen48)
2021-01-17

G

G

Buxton Thessaly (buxthe03)
2021-01-12

G

G

Caine Sibley (caisib01)
2021-01-19

G

G

Calais Delphinus (caldel93)
2021-01-14

G

G

Cantonese Brazil (canbra82)
2021-01-12

G

G

Carlson Gloucester (carglo82)
2021-01-18

G

G

Castillo Parmesan (caspar71)
2021-01-20

G

G

Cepheus Yellowknife (cepyel78)
2021-01-19

G

G

Cerberus Mac (cermac26)
2021-01-16

G

G

Charybdis Oxonian (chaoxo81)
2021-01-16

G

G

Clifton Manchuria (climan88)
2021-01-12

G

G

Cody Cecilia (codcec70)
2021-01-20

G

G

Colorado Rowe (colrow91)
2021-01-20

—

G

Conakry Josephson (conjos10)
2021-01-19

G

G

Cranford Seville (crasev09)
2021-01-18

G

G

Cunard Kelley (cunkel08)
2021-01-19

G

G

Cyclades Bengali (cycben63)
2021-01-12

G

G

Daly Meier (dalmei58)
2021-01-12

G

G

Detroit Yvette (detyve00)
2021-01-22

G

G

Dirichlet Barrymore (dirbar29)
2021-01-17

G

G

Doris Salton (dorsal08)
2021-01-16

G

G

Dunbar Bolshevist (dunbol85)
2021-01-21

G

G

Duncan Juno (dunjun65)
2021-01-20

G

G

Eaton Pompeii (eatpom93)
2021-01-15

G

G

Elmhurst Diane (elmdia32)
2021-01-10

G

G

Englewood Sumatra (engsum19)
2021-01-20

G

G

Enoch Johannes (enojoh13)
2021-01-15

G

G

Erlenmeyer Moe (erlmoe19)
2021-01-10

G

G

Etruria Peabody (etrpea56)
2021-01-16

G

G

Fiji Lila (fijlil50)
2021-01-15

G

G

Flynn Wolcott (flywol99)
2021-01-13

G

G

Frederic Jorge (frejor18)
2021-01-17

G

G

Freudian Guiana (fregui48)
2021-01-22

G

G

Frick Phyllis (friphy03)
2021-01-11

G

G

Gaithersburg Bahama (gaibah01)
2021-01-10

G

G

Galway Kaufman (galkau28)
2021-01-15

G

G

Gladstone Hanoi (glahan78)
2021-01-19

G

G

Goode Lilliputian (goolil74)
2021-01-14

G

G

Gruyere Bonneville (grubon22)
2021-01-18

G

G

Hadamard Roy (hadroy03)
2021-01-10

G

G

Hal Libra (hallib25)
2021-01-22

G

G

Hanlon Kajar (hankaj23)
2021-01-13

G

G

Hanoverian Diocletian (handio95)
2021-01-17

G

G

Hatteras Taurus (hattau69)
2021-01-15

G

G

Healey Sarasota (heasar70)
2021-01-17

G

G

Hepburn Blumenthal (hepblu34)
2021-01-18

G

G

Hera Cortez (hercor92)
2021-01-16

G

G

Houdini Paul (houpau87)
2021-01-10

G

G

Hun Newark (hunnew47)
2021-01-11

—

G

Ising Nepal (isinep43)
2021-01-20

G

G

Jeff Lear (jeflea29)
2021-01-15

G

G

Jeffrey Roger (jefrog06)
2021-01-12

G

G

Kabul Melville (kabmel19)
2021-01-17

G

G

Kannada Smithson (kansmi17)
2021-01-15

G

G

Koch Carmela (koccar64)
2021-01-11

G

G

Kramer Kajar (krakaj08)
2021-01-11

G

G

Lagos Audubon (lagaud41)
2021-01-12

G

G

Lana Anabel (lanana92)
2021-01-10

G

G

Lancashire Hernandez (lanher56)
2021-01-19

G

G

Laszlo Fleming (lasfle49)
2021-01-16

G

G

Laurie Detroit (laudet61)
2021-01-12

G

—

Leeuwenhoek Joshua (leejos14)
2021-01-13

G

G

Lester Amelia (lesame97)
2021-01-20

G

G

Lotte Lagrange (lotlag72)
2021-01-16

G

G

Louisa Benedictine (louben28)
2021-01-13

G

G

Maddox Goleta (madgol51)
2021-01-14

G

G

Malden Ostrander (malost39)
2021-01-15

G

G

Mallory Ariadne (malari03)
2021-01-14

G

G

Margery Freetown (marfre54)
2021-01-20

G

G

Margery Tektronix (martek58)
2021-01-13

G

G

Maryland Antares (marant17)
2021-01-19

G

G

Matson Icelandic (matice28)
2021-01-11

G

G

McMullen Agamemnon (mcmaga90)
2021-01-17

—

G

Mekong Philippine (mekphi31)
2021-01-19

G

G

Melissa Alhambra (melalh26)
2021-01-19

—

G

Merriam Bobbie (merbob58)
2021-01-16

G

G

Metcalf Hoffman (methof25)
2021-01-14

G

G

Mohr Hibbard (mohhib51)
2021-01-16

G

G

Muenster Scala (muesca58)
2021-01-15

G

G

Nassau Oceania (nasoce59)
2021-01-11

G

G

Netherlands Shelton (netshe04)
2021-01-13

—

G

Noah Oppenheimer (noaopp46)
2021-01-16

G

G

Nordhoff Blvd (norblv83)
2021-01-17

G

G

Nov Danube (novdan20)
2021-01-15

G

G

Nullstellensatz Sheppard (nulshe34)
2021-01-21

G

G

O'Neill Geigy (o'ngei00)
2021-01-11

G

G

Oct Cargill (octcar51)
2021-01-12

G

G

Ogden Lindstrom (ogdlin50)
2021-01-14

G

G

Orr MacDonald (orrmac94)
2021-01-22

G

G

Osgood Heidegger (osghei68)
2021-01-16

G

G

Periclean Gemma (pergem61)
2021-01-18

G

G

Permian Gavin (pergav96)
2021-01-18

G

G

Pickett November (picnov06)
2021-01-15

G

G

Precambrian Aides (preaid35)
2021-01-22

G

G

Prentice Baku (prebak13)
2021-01-18

G

G

Priscilla Marsha (primar93)
2021-01-12

G

G

Puccini Alpheratz (pucalp40)
2021-01-20

G

G

Pygmalion Euclidean (pygeuc48)
2021-01-10

G

G

Radcliffe Casey (radcas11)
2021-01-20

G

G

Ralph Tompkins (raltom68)
2021-01-19

G

G

Reub Lateran (reulat46)
2021-01-21

G

G

Rhoda Wolfgang (rhowol99)
2021-01-14

G

G

Rico Rand (ricran55)
2021-01-11

G

G

Romano Duncan (romdun32)
2021-01-18

G

G

Russell Stockton (russto97)
2021-01-22

G

G

Ryder Hippocrates (rydhip51)
2021-01-21

G

—

Salina Fayetteville (salfay32)
2021-01-19

G

G

Samoa Kinney (samkin63)
2021-01-14

G

G

Santayana Lindsay (sanlin94)
2021-01-14

G

G

Schmidt Allegra (schall48)
2021-01-11

G

G

Scylla Gwyn (scygwy91)
2021-01-16

—

G

Sepoy Edwina (sepedw63)
2021-01-12

G

G

Sims Rubin (simrub48)
2021-01-19

G

G

Stanford Terpsichore (stater11)
2021-01-16

G

G

Thorpe Stirling (thosti14)
2021-01-22

G

G

Tientsin Atropos (tieatr79)
2021-01-15

G

G

Togo Bonaparte (togbon29)
2021-01-15

G

G

Truk Erie (trueri76)
2021-01-15

G

G

Typhon Igor (typigo11)
2021-01-10

G

G

Valerie Hal (valhal09)
2021-01-11

G

G

Vaudois Houghton (vauhou32)
2021-01-18

G

G

Vietnamese Trojan (vietro97)
2021-01-20

G

G

Waltham Chatham (walcha94)
2021-01-18

G

G

Walton Smucker (walsmu13)
2021-01-20

G

G

Yugoslavia Sonoma (yugson35)
2021-01-16

G

G
