Abe Blair (abebla34)
2024-01-10

G

G

Abelson Baxter (abebax36)
2024-01-15

G

G

Algeria Moe (algmoe82)
2024-01-19

G

G

Allan Genoa (allgen50)
2024-01-20

G

G

Amharic Dortmund (amhdor86)
2024-01-18

—

G

Amherst February (amhfeb72)
2024-01-14

G

—

Antonio Reilly (antrei59)
2024-01-13

G

G

Babcock Topsy (babtop39)
2024-01-12

G

G

Bamberger Newell (bamnew47)
2024-01-12

G

G

Bangor Lao (banlao76)
2024-01-16

G

G

Bantu Ella (banell06)
2024-01-15

G

—

Baptist Oppenheimer (bapopp15)
2024-01-18

G

G

Bathurst Eveready (bateve72)
2024-01-16

—

G

Bellatrix Shipley (belshi77)
2024-01-19

G

G

Benares Scarlatti (bensca16)
2024-01-21

G

G

Benedikt Chelsea (benche50)
2024-01-22

G

G

Bonaventure Domenico (bondom08)
2024-01-14

G

G

Boston Jude (bosjud34)
2024-01-20

G

G

Bruegel Hans (bruhan32)
2024-01-21

G

G

Cady Lieberman (cadlie83)
2024-01-19

G

—

Cajun Cavendish (cajcav19)
2024-01-22

G

G

Cameron Tenney (camten15)
2024-01-21

G

G

Canopus Paoli (canpao55)
2024-01-19

—

G

Cantabrigian Forsythe (canfor14)
2024-01-16

G

G

Carlo Smithfield (carsmi12)
2024-01-18

G

G

Carlsbad Mickelson (carmic58)
2024-01-10

G

—

Cartesian Wiggins (carwig58)
2024-01-19

G

G

Chablis Marsha (chamar63)
2024-01-11

—

—

Christine Weller (chrwel05)
2024-01-20

G

G

Cluj Angora (cluang53)
2024-01-14

G

—

Cobb Amos (cobamo86)
2024-01-17

—

G

Cyclops Linus (cyclin14)
2024-01-20

G

G

Dakar Norse (daknor15)
2024-01-10

G

G

Danielson Fairport (danfai83)
2024-01-15

—

G

Dhabi I'll (dhai'l60)
2024-01-11

G

G

Diane Nobel (dianob66)
2024-01-18

G

—

Dodson Jaeger (dodjae98)
2024-01-12

G

G

Dodson Sheffield (dodshe08)
2024-01-18

—

G

Dorado Beaujolais (dorbea37)
2024-01-18

G

—

Dostoevsky Apocrypha (dosapo30)
2024-01-13

—

G

Dunedin Kensington (dunken21)
2024-01-15

G

—

Eddie McKnight (eddmck27)
2024-01-19

G

—

Eire Rachel (eirrac01)
2024-01-13

G

G

Elliott Vernon (ellver71)
2024-01-12

—

G

Elmira Washington (elmwas93)
2024-01-17

G

G

Emanuel Mueller (emamue38)
2024-01-11

G

G

Euterpe Antoinette (eutant60)
2024-01-17

G

G

Eva Minnie (evamin57)
2024-01-11

G

G

Fairfax Bromfield (faibro67)
2024-01-11

—

G

Farrell Tigris (fartig55)
2024-01-18

G

G

Fitzpatrick Potts (fitpot98)
2024-01-10

G

G

Foss Jackson (fosjac95)
2024-01-19

G

G

France Bakhtiari (frabak76)
2024-01-16

G

G

Freddy Puerto (frepue56)
2024-01-18

—

G

French Tyson (fretys64)
2024-01-13

G

G

Fresnel Brian (frebri28)
2024-01-17

G

G

Freya Tuscan (fretus40)
2024-01-18

G

G

Frisian Whatley (friwha87)
2024-01-19

G

G

Fullerton Donald (fuldon94)
2024-01-11

G

G

Gaithersburg Tommie (gaitom04)
2024-01-19

G

—

Gandhian L'vov (ganl'v95)
2024-01-12

G

—

Geiger Haag (geihaa24)
2024-01-17

G

G

Geneva McGee (genmcg99)
2024-01-19

—

G

Gettysburg Harley (gethar07)
2024-01-10

G

G

Gunther Goldstine (gungol55)
2024-01-21

—

G

Haitian Sarasota (haisar84)
2024-01-12

G

G

Halley Mendelssohn (halmen83)
2024-01-18

—

G

Halstead Ottawa (halott48)
2024-01-13

G

G

Hardin Manhattan (harman83)
2024-01-19

G

G

Hellenic Thrace (helthr80)
2024-01-20

G

G

Hobart Tompkins (hobtom99)
2024-01-17

—

G

Holland Sebastian (holseb60)
2024-01-18

G

G

Holstein Berra (holber96)
2024-01-17

—

G

Howell Hempstead (howhem09)
2024-01-17

G

G

Iroquois Paterson (iropat48)
2024-01-20

G

G

Jaime Cluj (jaiclu45)
2024-01-15

G

G

Japan Zellerbach (japzel65)
2024-01-20

G

—

Jefferson Valparaiso (jefval91)
2024-01-17

G

G

Jesus Falmouth (jesfal50)
2024-01-19

G

G

Joyce Schmitt (joysch12)
2024-01-16

G

—

Judas Cecropia (judcec64)
2024-01-18

G

—

Judd Kafka (judkaf02)
2024-01-19

—

G

Kalmuk Snider (kalsni97)
2024-01-12

G

G

Knutson Telefunken (knutel04)
2024-01-20

G

G

Krieger Estella (kriest11)
2024-01-14

—

G

Leeuwenhoek Czerniak (leecze11)
2024-01-20

G

G

Lillian Delft (lildel34)
2024-01-18

G

G

Macbeth Frigidaire (macfri32)
2024-01-19

G

G

Marcel Melanie (marmel34)
2024-01-22

G

G

Margo Hagen (marhag84)
2024-01-15

—

—

Mario Hague (marhag10)
2024-01-21

G

—

Marlene Lagrange (marlag54)
2024-01-18

G

G

McMillan Haddad (mcmhad62)
2024-01-20

G

—

Medea Shenandoah (medshe59)
2024-01-15

G

G

Mendelssohn Michel (menmic01)
2024-01-21

G

G

Merle Mohammedan (mermoh95)
2024-01-14

G

G

Metzler Eleanor (metele61)
2024-01-20

G

G

Mickey Keynes (mickey11)
2024-01-19

G

—

Middleton Regulus (midreg31)
2024-01-12

G

G

Montpelier Brighton (monbri88)
2024-01-16

G

G

Montpelier Provence (monpro44)
2024-01-17

G

—

Monty Tito (montit09)
2024-01-12

G

G

Moravia Keynesian (morkey34)
2024-01-10

G

G

Morton Ernie (morern92)
2024-01-21

G

—

Mueller Bernet (mueber13)
2024-01-20

G

—

Nathaniel Buchanan (natbuc01)
2024-01-13

—

G

Ndjamena Letitia (ndjlet91)
2024-01-22

G

—

Neil Paula (neipau70)
2024-01-13

G

G

Nordhoff Delphi (nordel65)
2024-01-21

—

G

Nostradamus Buxtehude (nosbux80)
2024-01-17

—

G

Notre Lindbergh (notlin38)
2024-01-22

G

G

Patton Garvey (patgar15)
2024-01-12

G

G

Pavlov Spencerian (pavspe31)
2024-01-18

G

G

Persephone Zion (perzio09)
2024-01-10

G

—

Pete Lucian (petluc21)
2024-01-13

G

—

Plainfield McCann (plamcc91)
2024-01-12

G

G

Poughkeepsie Tolstoy (poutol05)
2024-01-10

G

G

Preston Damon (predam17)
2024-01-17

—

—

Rae Bethlehem (raebet98)
2024-01-19

G

G

Regis Vernon (regver74)
2024-01-14

G

—

Regulus Hastings (reghas78)
2024-01-18

G

G

Sara Miami (sarmia28)
2024-01-12

G

G

Saturnalia Greek (satgre07)
2024-01-20

G

G

Schantz Sherlock (schshe87)
2024-01-21

G

G

Semite Aquinas (semaqu57)
2024-01-18

G

G

Shu Jacobi (shujac80)
2024-01-14

G

G

Simla Iverson (simive10)
2024-01-17

G

—

Skopje Quezon (skoque03)
2024-01-10

G

G

Somers Nouakchott (somnou97)
2024-01-16

G

G

Southampton Yoder (souyod44)
2024-01-15

G

G

Stephanie Farrell (stefar21)
2024-01-16

—

G

Stonehenge Buttrick (stobut03)
2024-01-17

G

G

Sus Paulsen (suspau67)
2024-01-19

G

G

Thomson Egan (thoega49)
2024-01-18

G

G

Tobago Memphis (tobmem22)
2024-01-22

G

G

Tuscan Susan (tussus30)
2024-01-21

G

—

Tutenkhamon Castillo (tutcas49)
2024-01-21

G

G

Ursuline Egyptology (ursegy03)
2024-01-18

G

—

Varitype PepsiCo (varpep42)
2024-01-14

G

G

Vasquez Gaspee (vasgas13)
2024-01-13

G

—

Wainwright Mekong (waimek90)
2024-01-16

G

G

Walgreen Adriatic (waladr43)
2024-01-21

—

G

Waring Anglican (warang63)
2024-01-14

G

—

Westchester Blackstone (wesbla62)
2024-01-15

G

G

Wiley Uranus (wilura84)
2024-01-20

G

G

Wilfred Cretan (wilcre56)
2024-01-12

G

G

Winston Elliot (winell30)
2024-01-11

G

G

Woodard Vasquez (woovas02)
2024-01-13

G

G

Ypsilanti Mississippian (ypsmis69)
2024-01-18

G

—

Yuki Spokane (yukspo82)
2024-01-21

G

G

Zorn Fayetteville (zorfay59)
2024-01-19

G

—
